clip_path,source,proposed_fig_trick,disambig_group,verified_fig_trick,keep
/Users/samsepiol/Downloads/GithubRepos/Work/Projets-perso/computer-vision/pkvision/data/v5_full_training/frames/acrobatics/butterfly_twist.npy,fig_grounded,B-360,acrobatics|flip=1|twist=0|dir=backward|axis=lateral,,
/Users/samsepiol/Downloads/GithubRepos/Work/Projets-perso/computer-vision/pkvision/data/v5_full_training/frames/acrobatics/back_double_full.npy,fig_grounded,Backflip 1260,,,
/Users/samsepiol/Downloads/GithubRepos/Work/Projets-perso/computer-vision/pkvision/data/v5_full_training/frames/acrobatics/back_quadruple_full.npy,fig_grounded,Backflip 1440,,,
/Users/samsepiol/Downloads/GithubRepos/Work/Projets-perso/computer-vision/pkvision/data/v5_full_training/frames/wall/wall_flip.npy,fig_grounded,Wall Backflip,wall|flip=1|twist=0|dir=backward|axis=lateral,,
/Users/samsepiol/Downloads/GithubRepos/Work/Projets-perso/computer-vision/pkvision/data/v5_full_training/frames/acrobatics/roll_bomb.npy,fig_grounded,Roll Bomb,acrobatics|flip=1|twist=0|dir=forward|axis=lateral,,
/Users/samsepiol/Downloads/GithubRepos/Work/Projets-perso/computer-vision/pkvision/data/v5_full_training/frames/acrobatics/back_layout.npy,fig_grounded,Backflip,acrobatics|flip=1|twist=0|dir=backward|axis=lateral,,
/Users/samsepiol/Downloads/GithubRepos/Work/Projets-perso/computer-vision/pkvision/data/v5_full_training/frames/acrobatics/triple_corkscrew.npy,fig_grounded,Quad Cork,,,
/Users/samsepiol/Downloads/GithubRepos/Work/Projets-perso/computer-vision/pkvision/data/v5_full_training/frames/acrobatics/side_double_full.npy,fig_grounded,Sideflip 720,,,
/Users/samsepiol/Downloads/GithubRepos/Work/Projets-perso/computer-vision/pkvision/data/v5_full_training/frames/acrobatics/arabian.npy,fig_grounded,A-180,,,
/Users/samsepiol/Downloads/GithubRepos/Work/Projets-perso/computer-vision/pkvision/data/v5_full_training/frames/pk_basics/tic_tac.npy,fig_grounded,Tic Tac,pk_basics|flip=0|twist=0|dir=None|axis=None,,
/Users/samsepiol/Downloads/GithubRepos/Work/Projets-perso/computer-vision/pkvision/data/v5_full_training/frames/pk_basics/reverse_vault.npy,fig_grounded,Reverse Vault,pk_basics|flip=0|twist=0|dir=None|axis=None,,
/Users/samsepiol/Downloads/GithubRepos/Work/Projets-perso/computer-vision/pkvision/data/v5_full_training/frames/wall/hang_castaway_back.npy,fig_grounded,Hang Cast Backflip,wall|flip=1|twist=0|dir=backward|axis=lateral,,
/Users/samsepiol/Downloads/GithubRepos/Work/Projets-perso/computer-vision/pkvision/data/v5_full_training/frames/wall/inward_front.npy,fig_grounded,Wall Inward Frontflip,,,
/Users/samsepiol/Downloads/GithubRepos/Work/Projets-perso/computer-vision/pkvision/data/v5_full_training/frames/acrobatics/cast_gainer.npy,fig_grounded,Frontflip 900,,,
/Users/samsepiol/Downloads/GithubRepos/Work/Projets-perso/computer-vision/pkvision/data/v5_full_training/frames/acrobatics/raiz_dismount_push_half_twist.npy,fig_grounded,Raiz,acrobatics|flip=1|twist=0.5|dir=backward|axis=off_axis,,
/Users/samsepiol/Downloads/GithubRepos/Work/Projets-perso/computer-vision/pkvision/data/v5_full_training/frames/pk_basics/double_kong.npy,fig_grounded,Double Kong Vault,pk_basics|flip=0|twist=0|dir=None|axis=None,,
/Users/samsepiol/Downloads/GithubRepos/Work/Projets-perso/computer-vision/pkvision/data/v5_full_training/frames/acrobatics/corkscrew_counter_double_full.npy,fig_grounded,Double Kroc,,,
/Users/samsepiol/Downloads/GithubRepos/Work/Projets-perso/computer-vision/pkvision/data/v5_full_training/frames/acrobatics/front_full.npy,fig_grounded,Frontflip 1080,,,
/Users/samsepiol/Downloads/GithubRepos/Work/Projets-perso/computer-vision/pkvision/data/v5_full_training/frames/wall/wall_triple_corkscrew.npy,fig_grounded,Wall Triple Cork,,,
data/parkourtheory_clips/butterfly_twist.mp4,filename,B-Twist,,,
/Users/samsepiol/Downloads/GithubRepos/Work/Projets-perso/computer-vision/pkvision/data/v5_full_training/frames/acrobatics/tsukahara_vault.npy,fig_grounded,Tsukahara 360,acrobatics|flip=1|twist=1|dir=backward|axis=lateral,,
/Users/samsepiol/Downloads/GithubRepos/Work/Projets-perso/computer-vision/pkvision/data/v5_full_training/frames/swing/pole_slide.npy,fig_grounded,Pole Swing,,,
/Users/samsepiol/Downloads/GithubRepos/Work/Projets-perso/computer-vision/pkvision/data/v5_full_training/frames/wall/wall_double_corkscrew.npy,fig_grounded,Wall Double Cork,,,
/Users/samsepiol/Downloads/GithubRepos/Work/Projets-perso/computer-vision/pkvision/data/v5_full_training/frames/swing/flyaway_half_down.npy,fig_grounded,Geinger,,,
/Users/samsepiol/Downloads/GithubRepos/Work/Projets-perso/computer-vision/pkvision/data/v5_full_training/frames/wall/castaway_back.npy,fig_grounded,Castaway Backflip,wall|flip=1|twist=0|dir=backward|axis=lateral,,
data/parkourtheory_clips/handstand_gainer.mp4,filename,Handstand Gainer,acrobatics|flip=1|twist=0|dir=backward|axis=lateral,,
/Users/samsepiol/Downloads/GithubRepos/Work/Projets-perso/computer-vision/pkvision/data/v5_full_training/frames/acrobatics/aerial.npy,fig_grounded,Aerial,acrobatics|flip=1|twist=0|dir=side|axis=sagittal,,
/Users/samsepiol/Downloads/GithubRepos/Work/Projets-perso/computer-vision/pkvision/data/v5_full_training/frames/wall/gaet_pimp_double_full.npy,fig_grounded,Gaet Pimp Double Backflip,wall|flip=2|twist=0|dir=backward|axis=lateral,,
/Users/samsepiol/Downloads/GithubRepos/Work/Projets-perso/computer-vision/pkvision/data/v5_full_training/frames/pk_basics/kash_vault.npy,fig_grounded,Kash Vault,pk_basics|flip=0|twist=0|dir=None|axis=None,,
/Users/samsepiol/Downloads/GithubRepos/Work/Projets-perso/computer-vision/pkvision/data/v5_full_training/frames/acrobatics/dive_front_flip.npy,fig_grounded,Swing Frontflip,swing|flip=1|twist=0|dir=forward|axis=lateral,,
/Users/samsepiol/Downloads/GithubRepos/Work/Projets-perso/computer-vision/pkvision/data/v5_full_training/frames/swing/swing_castaway_side.npy,fig_grounded,Swing Counter Sideflip,swing|flip=1|twist=0|dir=side|axis=sagittal,,
data/parkourtheory_clips/arabian.mp4,filename,Arabian,,,
/Users/samsepiol/Downloads/GithubRepos/Work/Projets-perso/computer-vision/pkvision/data/v5_full_training/frames/swing/straddle_sole_circle_gainer.npy,fig_grounded,Straddle Sole Circle Gainer,swing|flip=1|twist=0|dir=backward|axis=lateral,,
/Users/samsepiol/Downloads/GithubRepos/Work/Projets-perso/computer-vision/pkvision/data/v5_full_training/frames/wall/wall_gainer.npy,fig_grounded,Wall Gainer 1080,wall|flip=1|twist=3|dir=backward|axis=lateral,,
/Users/samsepiol/Downloads/GithubRepos/Work/Projets-perso/computer-vision/pkvision/data/v5_full_training/frames/pk_basics/side_vault.npy,fig_grounded,Side Vault,pk_basics|flip=0|twist=0|dir=None|axis=None,,
/Users/samsepiol/Downloads/GithubRepos/Work/Projets-perso/computer-vision/pkvision/data/v5_full_training/frames/pk_basics/dong_vault.npy,fig_grounded,Dong Vault,pk_basics|flip=0|twist=0|dir=None|axis=None,,
/Users/samsepiol/Downloads/GithubRepos/Work/Projets-perso/computer-vision/pkvision/data/v5_full_training/frames/wall/wall_cork_zero.npy,fig_grounded,Wall Cork,,,
/Users/samsepiol/Downloads/GithubRepos/Work/Projets-perso/computer-vision/pkvision/data/v5_full_training/frames/swing/flyaway_triple_full.npy,fig_grounded,Swing Triple Gainer,,,
/Users/samsepiol/Downloads/GithubRepos/Work/Projets-perso/computer-vision/pkvision/data/v5_full_training/frames/acrobatics/stomach_webster.npy,fig_grounded,Webster,acrobatics|flip=1|twist=0|dir=forward|axis=lateral,,
/Users/samsepiol/Downloads/GithubRepos/Work/Projets-perso/computer-vision/pkvision/data/v5_full_training/frames/acrobatics/double_front_flip.npy,fig_grounded,Double Frontflip,,,
/Users/samsepiol/Downloads/GithubRepos/Work/Projets-perso/computer-vision/pkvision/data/v5_full_training/frames/swing/flyaway_double_full.npy,fig_grounded,Swing Gainer 900,,,
/Users/samsepiol/Downloads/GithubRepos/Work/Projets-perso/computer-vision/pkvision/data/v5_full_training/frames/wall/angel_drop.npy,fig_grounded,Angel Drop,,,
/Users/samsepiol/Downloads/GithubRepos/Work/Projets-perso/computer-vision/pkvision/data/v5_full_training/frames/acrobatics/gainer_triple_full.npy,fig_grounded,Gainer 1080,acrobatics|flip=1|twist=3|dir=backward|axis=lateral,,
/Users/samsepiol/Downloads/GithubRepos/Work/Projets-perso/computer-vision/pkvision/data/v5_full_training/frames/wall/wall_back_handspring.npy,fig_grounded,Wall Backhandspring,wall|flip=1|twist=0|dir=backward|axis=lateral,,
/Users/samsepiol/Downloads/GithubRepos/Work/Projets-perso/computer-vision/pkvision/data/v5_full_training/frames/wall/palm_flip.npy,fig_grounded,Palm Backflip 720,wall|flip=1|twist=2|dir=backward|axis=lateral,,
/Users/samsepiol/Downloads/GithubRepos/Work/Projets-perso/computer-vision/pkvision/data/v5_full_training/frames/wall/wall_spin.npy,fig_grounded,Wallspin,,,
/Users/samsepiol/Downloads/GithubRepos/Work/Projets-perso/computer-vision/pkvision/data/v5_full_training/frames/wall/double_palm_flip.npy,fig_grounded,Double Palm Flip,wall|flip=2|twist=0|dir=backward|axis=lateral,,
/Users/samsepiol/Downloads/GithubRepos/Work/Projets-perso/computer-vision/pkvision/data/v5_full_training/frames/acrobatics/caster_gainer.npy,fig_grounded,Caster Frontflip,acrobatics|flip=1|twist=0|dir=forward|axis=lateral,,
/Users/samsepiol/Downloads/GithubRepos/Work/Projets-perso/computer-vision/pkvision/data/v5_full_training/frames/acrobatics/gainer.npy,fig_grounded,Cheat Gainer,acrobatics|flip=1|twist=0|dir=backward|axis=lateral,,
/Users/samsepiol/Downloads/GithubRepos/Work/Projets-perso/computer-vision/pkvision/data/v5_full_training/frames/wall/castaway_double_back.npy,fig_grounded,Castaway Double Backflip,wall|flip=2|twist=0|dir=backward|axis=lateral,,
data/parkourtheory_clips/cast_gainer.mp4,filename,Cast Gainer,acrobatics|flip=1|twist=0|dir=backward|axis=lateral,,
/Users/samsepiol/Downloads/GithubRepos/Work/Projets-perso/computer-vision/pkvision/data/v5_full_training/frames/wall/gaet_pimp.npy,fig_grounded,Gaet Pimp Backflip 360,wall|flip=1|twist=1|dir=backward|axis=lateral,,
/Users/samsepiol/Downloads/GithubRepos/Work/Projets-perso/computer-vision/pkvision/data/v5_full_training/frames/acrobatics/double_frisbee.npy,fig_grounded,Double Frisbee,acrobatics|flip=2|twist=0|dir=side|axis=sagittal,,
/Users/samsepiol/Downloads/GithubRepos/Work/Projets-perso/computer-vision/pkvision/data/v5_full_training/frames/swing/flyaway_full.npy,fig_grounded,Swing Gainer 540,,,
/Users/samsepiol/Downloads/GithubRepos/Work/Projets-perso/computer-vision/pkvision/data/v5_full_training/frames/acrobatics/double_back_flip.npy,fig_grounded,Double Backflip 720,,,
/Users/samsepiol/Downloads/GithubRepos/Work/Projets-perso/computer-vision/pkvision/data/v5_full_training/frames/pk_basics/ghost_step_stride_precision.npy,fig_grounded,Stride,pk_basics|flip=0|twist=0|dir=None|axis=None,,
/Users/samsepiol/Downloads/GithubRepos/Work/Projets-perso/computer-vision/pkvision/data/v5_full_training/frames/acrobatics/double_side_flip.npy,fig_grounded,Double Sideflip,acrobatics|flip=2|twist=0|dir=side|axis=sagittal,,
/Users/samsepiol/Downloads/GithubRepos/Work/Projets-perso/computer-vision/pkvision/data/v5_full_training/frames/pk_basics/kong_vault.npy,fig_grounded,Kong Vault,pk_basics|flip=0|twist=0|dir=None|axis=None,,
/Users/samsepiol/Downloads/GithubRepos/Work/Projets-perso/computer-vision/pkvision/data/v5_full_training/frames/acrobatics/kong_gainer_full.npy,fig_grounded,Kong Gainer 360,acrobatics|flip=1|twist=1|dir=backward|axis=lateral,,
/Users/samsepiol/Downloads/GithubRepos/Work/Projets-perso/computer-vision/pkvision/data/v5_full_training/frames/swing/double_gainer.npy,fig_grounded,Double Gainer,acrobatics|flip=2|twist=0|dir=backward|axis=lateral,,
/Users/samsepiol/Downloads/GithubRepos/Work/Projets-perso/computer-vision/pkvision/data/v5_full_training/frames/acrobatics/front_half.npy,fig_grounded,Looser Frontflip 180,acrobatics|flip=1|twist=0.5|dir=forward|axis=lateral,,
/Users/samsepiol/Downloads/GithubRepos/Work/Projets-perso/computer-vision/pkvision/data/v5_full_training/frames/pk_basics/dyno.npy,fig_grounded,Dyno,pk_basics|flip=0|twist=0|dir=None|axis=None,,
/Users/samsepiol/Downloads/GithubRepos/Work/Projets-perso/computer-vision/pkvision/data/v5_full_training/frames/swing/sole_circle.npy,fig_grounded,(Straddle) Sole Circle,swing|flip=1|twist=0|dir=forward|axis=lateral,,
/Users/samsepiol/Downloads/GithubRepos/Work/Projets-perso/computer-vision/pkvision/data/v5_full_training/frames/acrobatics/gumbi.npy,fig_grounded,Gumbi,,,
/Users/samsepiol/Downloads/GithubRepos/Work/Projets-perso/computer-vision/pkvision/data/v5_full_training/frames/acrobatics/double_corkscrew.npy,fig_grounded,Cork-in Backflip,acrobatics|flip=2|twist=1|dir=backward|axis=lateral,,
/Users/samsepiol/Downloads/GithubRepos/Work/Projets-perso/computer-vision/pkvision/data/v5_full_training/frames/swing/flyaway_quadruple_full.npy,fig_grounded,Swing Gainer 1440,,,
/Users/samsepiol/Downloads/GithubRepos/Work/Projets-perso/computer-vision/pkvision/data/v5_full_training/frames/acrobatics/gainer_full.npy,fig_grounded,Gainer 360,acrobatics|flip=1|twist=1|dir=backward|axis=lateral,,
/Users/samsepiol/Downloads/GithubRepos/Work/Projets-perso/computer-vision/pkvision/data/v5_full_training/frames/wall/wall_double_back.npy,fig_grounded,Wall Double Backflip,wall|flip=2|twist=0|dir=backward|axis=lateral,,
/Users/samsepiol/Downloads/GithubRepos/Work/Projets-perso/computer-vision/pkvision/data/v5_full_training/frames/acrobatics/cartwheel.npy,fig_grounded,Cartahara,acrobatics|flip=1|twist=0|dir=backward|axis=lateral,,
/Users/samsepiol/Downloads/GithubRepos/Work/Projets-perso/computer-vision/pkvision/data/v5_full_training/frames/acrobatics/corkscrew_counter_triple_full.npy,fig_grounded,Triple Kroc,,,
/Users/samsepiol/Downloads/GithubRepos/Work/Projets-perso/computer-vision/pkvision/data/v5_full_training/frames/acrobatics/caster_double_gainer.npy,fig_grounded,Caster Double Gainer,acrobatics|flip=2|twist=0|dir=backward|axis=lateral,,
